X1,X2,y
2.1578872606479864,0.78219557564175,1.0
-1.4996901832238199,-2.2664915633455425,1.0
-0.7564447134964923,-0.5947733031456143,0.0
-1.1162030047697815,0.9581582985508237,0.0
2.019718602167026,1.855822481149091,0.0
-1.4412659625624993,2.3718229843089116,0.0
2.3743853838849147,1.2059494031778175,0.0
-0.48404491245614123,-0.4012440705146393,0.0
0.8962959263672264,-0.47083664550377585,1.0
-0.0710004137501287,0.5635840920447293,0.0
-2.532844447604148,-1.1814347483105103,1.0
-0.9357428257357041,0.9461898377168856,0.0
-0.6827515876015239,-2.2377736478514385,1.0
0.6046598294837819,-0.8584008035417547,1.0
1.1908262227768394,1.4852317274849074,0.0
-1.9020008009223102,-0.6731171125871533,0.0
-1.0753605022189001,0.6127259659118683,0.0
0.1758778604922518,-1.348215192126609,1.0
0.42454603350921094,-1.0624911058088076,1.0
0.8126703767638973,0.4254695022272107,0.0
2.0297153638354213,-1.2802197438016552,1.0
1.081949427151456,-2.3467968758125006,1.0
1.9068145416993802,-0.4901002555036805,1.0
1.9920766436392892,0.3279732094700264,1.0
-1.4641071726326025,-0.8985460518962969,1.0
0.49347746747074406,-2.244160664777446,1.0
1.8771703777542432,2.2719109826099317,0.0
2.1942110894175433,-0.3591615540561104,1.0
-1.4906013615957259,1.4029272166175297,0.0
0.5513511962442545,1.6334447006667792,0.0
0.907612741936235,1.6630235555912731,0.0
2.1188988861258786,-1.7710014418263864,1.0
-2.087015675373696,2.084400653960719,0.0
-1.3700465862134827,-0.5763267056335823,1.0
1.9702588182516574,1.8431022288702161,0.0
0.4499022660776904,0.2331639097718103,1.0
2.259286189745225,1.9347353441172543,0.0
0.5806972254220059,1.4753474791693937,0.0
-1.5535124561710276,1.4845530394500661,0.0
1.1328807781133525,-1.2492300073925058,1.0
1.8895264384999533,-2.387543588653563,1.0
2.363896874263901,-1.6262392171939704,1.0
1.3682240368543264,2.0053994453046076,0.0
-0.43638177480319557,0.7714419009164218,0.0
-0.8457297183880621,-0.7220488857290892,1.0
0.416803071037787,-0.5138487377419506,1.0
-0.4361438241998991,-0.7234945399208568,0.0
-0.7012813637192612,1.0721901486052925,0.0
-1.6817782325770798,-1.2188141198411389,0.0
-2.475320337273466,1.7274367917270468,0.0
1.7166278667891142,0.19193464458109705,1.0
2.3057373519003153,0.05859898363177883,1.0
2.4008664669504096,-2.3038570033931833,1.0
-2.282656213787924,-0.5693295555621255,0.0
-1.7652933979130743,-1.3339593731402468,1.0
1.3653755399951053,-1.9364778860166143,1.0
2.0880480153164065,-1.7955512562740834,1.0
-0.6031876216419587,1.1916954900029115,0.0
0.26684670745668215,1.8476600557997278,0.0
2.4473790360585395,2.347101034647584,0.0
-2.207041731066105,-0.92997796088974,0.0
1.8818262611121628,-1.0551605661530452,1.0
-1.0626415980189183,-1.2523677068746468,1.0
0.07777010193471336,-1.4606671805057425,1.0
-2.4568558623148196,0.7857901982885127,0.0
-0.38287883427905595,2.081614778454198,0.0
2.3912808201330376,0.5494330291415245,1.0
1.3218131442407839,-1.5798870298303587,1.0
1.4581016464155039,1.2098936083441154,0.0
-1.898821451262974,-0.5682580873837282,0.0
0.02624477573268283,2.5114466116506162,0.0
2.136680401122435,1.0608425190630106,1.0
0.4999919129690996,-0.6788429481406282,1.0
-1.879037920326292,-2.214256613425209,1.0
1.0738911942586276,1.993162415733793,0.0
-1.289013732033447,-0.05001198432762155,1.0
-2.3346117690411057,1.739370910216758,0.0
-1.322483942755965,-1.9689070484099378,1.0
-2.194467902511858,-1.4878419376197143,0.0
-1.2786979046159104,1.3523459768980457,0.0
1.1826295939593228,-0.13522105325261008,1.0
-0.6513820925581815,1.5269216726263266,0.0
2.5546609990134543,-0.3319632595052193,1.0
1.2079327886963036,-0.9219662649193482,1.0
-1.585806504189258,-1.3402155897772912,1.0
-1.385695458607705,1.684332882691944,0.0
-1.4203561455352565,-2.0874856869118323,1.0
-0.2680787021534502,1.9779362200956006,0.0
0.22206448233734088,0.6897015476589519,1.0
2.172686741930999,0.856838098831923,1.0
-1.7378549531357865,-1.807272728106059,1.0
0.27076990062286266,1.5740636679875124,0.0
-2.038163702578614,0.09046292280532355,0.0
-0.592139233074054,2.1070414174609806,0.0
-0.9253108815516614,2.4928784959618975,0.0
-1.7721551912566142,1.916059312651328,0.0
0.5616976465550888,0.8590793473516323,0.0
-2.384492614017892,1.4504721721129727,0.0
2.3165168564940366,1.1096021647594951,0.0
-0.007608676110943763,-1.455162048653006,1.0
1.2006378517697436,0.7358990126099704,0.0
-1.824510782216483,0.5845565284455015,0.0
-2.4257494244398132,1.066675517333272,0.0
-1.744037353695513,-1.4923483667355684,1.0
-0.11611193627158442,-0.2034384246298101,0.0
1.7024362441683134,1.7547626945344454,0.0
-0.30437366372749536,0.37770212266484815,0.0
-1.1710129543406147,-2.2161566946821574,1.0
-0.6310892129937801,0.49173095450277354,0.0
1.6220658604307954,2.4686525057510567,0.0
-0.031304314637151026,-1.2954938960901452,1.0
-0.3499021563702964,-1.302594057655531,1.0
1.7359327685309125,0.5144485466618809,1.0
-1.0809251139929568,-0.19301858581738246,1.0
-1.2293611774556212,-2.432289675868127,1.0
-0.026810470017487972,2.2932348385852848,0.0
-2.266203387159348,1.541799188521009,0.0
-0.3171197940681838,0.911301702596545,0.0
-1.5298089685528617,0.7508448396411164,0.0
0.5966774329442126,1.3252500107134582,0.0
-2.1556369623226206,-0.45365692308591876,0.0
1.2851098288554463,2.3725929663565357,0.0
-0.12263245529445008,2.0880602808524817,0.0
0.7724276821416455,-0.09082911605775966,1.0
-0.8195757616209082,-1.7390096242848136,1.0
-2.0416973135044016,0.3513365464728933,0.0
0.49647916315857904,0.8173705013533067,1.0
1.3010265425023415,-0.29652822797736855,1.0
-1.9105305306167935,1.1056344518278831,0.0
0.03985993270208421,0.8842689418698271,0.0
-1.3865614542597784,-0.13481170969662762,0.0
1.262868403522441,0.7672214150003522,0.0
2.4603207920111156,2.428361286676298,0.0
0.28338634354622827,-0.1723057385634842,1.0
-0.8194316512085101,-0.05378567613290784,1.0
1.4239999912924755,0.375243350759757,0.0
1.7999554744458748,-1.1206947916872656,1.0
0.03285196685371922,1.5791713955919813,0.0
2.4997742387086896,-1.1578554485480816,1.0
0.12577566250580527,-1.9948969954879927,1.0
0.5420950174938148,-1.4686981819481189,1.0
2.415575445290832,-2.3626937215386987,1.0
-1.3022452981678856,-1.0571170158155494,1.0
1.3993734488167344,0.7390875248368821,1.0
-0.9294576796862822,1.0171522076201607,0.0
0.8116843962740606,1.2429073781602462,0.0
-2.0318133917114216,-2.1046068099156026,1.0
2.30029157349675,-1.5183166558188226,1.0
-2.4462029333241513,-1.5705124376929407,1.0
-0.5648263437844601,1.4452648510628745,0.0
-2.388123267393615,-0.9694171152771206,0.0
-0.08916252375819797,-0.5277573435387005,1.0
1.5278027891492394,-0.21536723151623718,1.0
0.6658335559070894,-2.457427448954046,1.0
-1.732895870242411,-0.8976173780199789,0.0
2.1521955264618655,-1.3105852872218544,1.0
1.9097404990407172,-1.825575609345524,1.0
-1.0843797857091964,-1.2925448380877536,1.0
-1.36177753062023,-2.597136892001335,1.0
0.43872383931793013,-2.2462780437631795,1.0
1.8171447303730193,-0.28461686848255896,1.0
1.1311095378500176,-2.3991154777773627,1.0
1.9843171167578604,-1.505552521945974,1.0
0.8683294768567459,-0.2964206864128336,1.0
1.0917587762431895,-0.3988885210595498,1.0
2.2871256312781103,-0.002665106889675979,1.0
1.8265929355845127,1.9261212550526732,0.0
2.2928069059703695,-1.9684200549699544,1.0
-0.7212347725340863,-0.9874384769329161,1.0
-0.7232648825347293,-1.2480023661414974,1.0
-1.7285458461222682,-2.115524970273008,1.0
-2.2311278000342605,0.8227912996541553,0.0
1.7568411607706462,-0.6192571673625293,1.0
1.462739031102166,1.9701694325834769,0.0
-2.3077672269409537,0.39999933699542545,0.0
-2.3613639770679606,1.9684758648951746,0.0
-1.0521386433262911,1.903257642848256,0.0
-2.2415356076748396,2.2576557810410076,0.0
-0.11287852840445584,-2.626338688993301,1.0
-1.0557682349066126,0.8329508223798892,0.0
-2.2760022625349823,-1.4170860416748956,1.0
0.20875646379359403,1.729716765658409,0.0
-0.8231266519424664,-0.2057426435348351,0.0
-1.7979605140706503,0.015447534184713521,0.0
2.3633591297104743,0.254413814830921,1.0
-2.325627267443961,-1.0220891066463258,0.0
0.39422984867291266,-1.0955772741607281,1.0
-0.23940898102779312,-0.5013723588425011,0.0
0.4302930794392558,-0.5384556893093234,1.0
0.48818863231366727,-1.5279638263826576,1.0
1.734762568117651,-1.7862180056029895,1.0
-0.1887566390141465,-2.2057421383643,1.0
0.7883873385399354,2.27098283804956,0.0
1.4048392482356689,-1.9431930577183931,1.0
0.5621074168927402,0.9697096667520269,0.0
1.210593758342689,1.2059745449766255,0.0
-0.6912183309911191,-1.7566960000432088,1.0
1.9774334977657995,1.377772140691537,1.0
1.8605812529707861,1.5732123529455448,1.0
0.44151361000174616,-0.4066826583154334,1.0
-1.6704566356713653,0.2839321906592288,0.0
2.4849229156523047,0.6054527269171665,1.0
-2.0060880933289353,-2.0748485546413873,1.0
-1.2746697257748318,1.3874901082510835,0.0
0.6992235720233211,1.895996700034802,0.0
0.6745161659347398,1.8247200229978475,0.0
-0.8224334026167538,-0.7712547719241658,1.0
-2.2148875853631003,2.4372330450193767,0.0
-1.1058564059329714,1.637665150966075,0.0
0.4843460095066055,-1.9168711992520193,1.0
-0.9965998853311849,1.3288913879861715,0.0
1.4255880442598916,2.3473797400138365,0.0
0.13516067389009181,0.3867647467044424,0.0
-1.5650239218119142,1.7546671112312526,0.0
-2.301686149519088,-0.5952773112191844,0.0
0.9906331101318928,-0.6866944838238377,1.0
2.0011816715802238,1.159808574714497,1.0
-0.9312396300918947,1.2012071971051217,0.0
-2.161032302258338,-1.604112291225371,0.0
0.7639564086928093,-2.4594257635818875,1.0
2.280991933587036,1.323988313157871,1.0
0.12564036368803386,-0.7721366968595162,1.0
-1.9139312279777492,1.8213704657369196,0.0
0.39769079355003734,1.088211155263384,0.0
2.2172980263846473,-0.4540754861826882,1.0
-1.163711082250982,-2.5125915922727566,1.0
2.288167827470437,0.8621584516380533,1.0
2.1327228454179146,1.902157416588035,0.0
1.9488294301178963,-0.42516200551058236,1.0
1.9407525117824926,-1.5035919835670781,1.0
-0.7911081234007973,-1.2088714934900133,1.0
-1.0658816214111266,-0.7260881948117306,1.0
-2.0834148153975693,-0.7170642234882058,0.0
-1.557170539556556,2.3838333904743374,0.0
-0.3065933282716708,2.0935248302820195,0.0
2.491557062917129,0.7874213107414108,1.0
2.4468559163214976,2.3825588891228238,0.0
-2.2179670233120183,-2.036041433013983,1.0
2.368133500170432,0.657575080669287,1.0
-1.7246943522845677,0.1504799590316922,0.0
-1.475597306384212,0.8050735964708297,0.0
0.14974162403095553,0.47856790628525364,0.0
-0.691347385868596,-1.9553412016173544,1.0
1.8729002766040461,1.8426648277456006,0.0
0.21300019073538712,1.9045049272926708,0.0
0.3282612648819324,-1.4668154011116479,1.0
1.7461568234586236,-2.447942042631427,1.0
-1.0448902803292592,-0.9748179585629734,1.0
1.6014978069902241,1.4108079407440197,0.0
2.1566041747822298,0.5351398766879799,1.0
0.6847964959004705,-0.8499592227964838,1.0
-2.199721723650876,0.6914697583462306,0.0
1.9733660314185388,0.7862532076237039,1.0
1.510432041277623,0.4724953773635519,0.0
2.507988306487188,0.7246116449744199,0.0
-1.651300318014744,1.4860933508017649,0.0
-0.18759597003533035,0.509542686389329,0.0
-2.1931994499640792,-2.361876770637692,1.0
-2.0812489847501867,-2.3506243269758484,1.0
1.645199653323423,1.8474601655018592,0.0
-2.52639391381216,1.0854747625763868,0.0
2.009692868965453,2.071327160038929,0.0
-2.0617622633497907,-0.009356022866763,0.0
1.9303834387742915,-0.25454601339993654,1.0
0.18836217055909893,0.9313400336447856,0.0
-1.0289990412874983,0.015543925751814153,0.0
-1.9216633774561935,1.408890520308128,0.0
0.8392527475506504,-1.3037282357815208,1.0
-2.1228931279257353,-0.854867612481694,0.0
1.2363404740849018,1.4716869124956111,0.0
2.3168690131947547,0.06799378034174591,1.0
0.697915732919075,-1.4879229247757306,1.0
-0.11201557839884577,0.5159376493060517,0.0
-0.21840420003502575,-0.40239477161723314,0.0
-0.23153897603332996,1.3864083205227644,0.0
0.8288165620447852,-1.7325559641798574,1.0
0.42217786624992315,1.5615262016640317,0.0
-1.2531701200572773,-0.6805002071684658,1.0
2.0261112860556603,-0.9375019689681074,1.0
1.7028050675572906,2.174416373673112,0.0
2.2715511543973697,1.6203204566148282,0.0
2.194809353238136,0.836030242065025,1.0
1.0777657633481055,1.3505211375550572,0.0
2.4988477933292885,2.4934782087649356,0.0
0.1014892373246924,-2.510159502300995,1.0
2.471895374357221,-1.3789344701820938,1.0
-0.7243272360597468,-0.6614689392849038,0.0
-0.6739250744375549,-1.7923315591711266,1.0
-0.2374463662778575,-0.02330852805230448,0.0
0.809565630070399,0.5260684151884623,0.0
-1.0460981073896845,-0.04263615125993734,1.0
2.1538547603098284,1.2855483236139453,1.0
1.756191554318138,1.9193343099960907,0.0
1.1065384887429792,0.5320931166747834,0.0
-0.14925073663167968,-1.1816989019818682,1.0
-0.6863493733293891,-1.9056268766891407,1.0
0.7921717518870279,1.242539118673922,0.0
1.4824664012259448,-2.088111935006201,1.0
-1.3017104558193386,-0.29883028530461464,1.0
-0.3109306692878315,-1.9845408554596937,1.0
1.3583663484231037,-0.7076322808602585,1.0
-1.2147565827205584,0.6383479054206511,0.0
2.4856916017761654,-1.1156180412545378,1.0
0.7656753522858472,-1.6506498465943689,1.0
-0.8895626477381804,2.0652381081240008,0.0
1.4136473672740493,0.35289533736998846,1.0
2.242262820864026,-0.2896736278509159,1.0
-1.144420535560981,1.689051167839816,0.0
-0.6491683319890781,1.3285918016583946,0.0
-0.05747468461905225,-0.20307667464335316,1.0
1.8526534572391806,-0.6614676062955517,1.0
-1.8805093590857054,-0.03741590981960913,0.0
0.9507477762374387,-0.19324538053548768,1.0
0.8885172181471057,1.717810870750342,0.0
0.5760069682969918,1.8058502263032656,0.0
0.8243089630805658,-1.1616950481501183,1.0
-1.8327585765732726,0.8784105200787193,0.0
1.2420242121708611,0.23610665838790462,0.0
-0.8875851850871662,0.7418929871069372,0.0
-2.4044654092657107,-0.11806782811389824,0.0
-2.273145351897507,0.30182014542783697,0.0
2.4435524518322564,-0.09810064659664881,1.0
0.8640750780402562,2.019453824963489,0.0
-0.4751671526183251,0.634111571252478,0.0
0.9072849042708269,1.765314992745171,0.0
-0.517065742605942,-1.0456146134760458,1.0
-1.9022394924557877,-1.4558528478813213,0.0
1.4230532275077048,2.2231921306998417,0.0
-0.6509304562218416,-0.7810953449466714,1.0
-0.2547139390275864,2.368250805499231,0.0
-1.528991381103482,0.6551203314706596,0.0
-2.1180768883548717,1.3756167599579106,0.0
-1.840184895147998,-0.9067283787353998,0.0
2.2314553291375185,0.9696804749669804,1.0
1.858268624316456,1.0593242158558174,1.0
-1.4087883905585148,-1.6775498392523267,1.0
-1.7778206026398005,1.4214540021898507,0.0
0.523648169046839,-0.6743002407344876,1.0
-0.32312211142326985,0.8676698873685774,0.0
1.0087053451182768,1.7212311714427893,0.0
-0.4328943838827917,0.8521333870506298,0.0
1.7256311938221294,1.3453815718217177,0.0
0.29593679929985905,-0.2331209919035372,1.0
-0.13099858786339225,1.0568889508088974,0.0
1.9836205079192308,2.4780676993716555,0.0
-0.07569105101405794,2.682288445697632,0.0
1.7805079118766869,1.5062873830175398,0.0
-0.4556092209738289,-0.9820675683176027,1.0
2.2490276456502847,2.0727074090760302,0.0
1.7669340959183089,-0.9611196041522093,1.0
0.11998704149048986,1.7353774081979725,0.0
-1.624768680420439,0.6455653568018735,0.0
2.2065944948370424,-2.475568551601947,1.0
0.17845269804439667,-2.4018535829851713,1.0
0.8230748049726577,1.997018402081068,0.0
-0.10184900638586274,2.088804098978763,0.0
-1.1265718877189903,0.9438848424523117,0.0
1.3136546258719894,1.6630726041981327,0.0
-1.0346385500824473,-0.240748047657124,1.0
0.5995680764251252,2.4516661480623516,0.0
-2.352266055424031,-0.01780193231569777,0.0
1.8372257712042799,1.4980976433228936,0.0
-1.4799399202812165,0.33898725219816606,0.0
-1.4390269399612758,-0.39527250902690697,1.0
1.1413509321505644,0.7598831781742634,0.0
-1.5668217436839371,0.41279825768982115,0.0
1.3394539597512494,0.4826184772768899,0.0
-1.2935440394377964,-0.2626578852945397,1.0
-1.017607108149899,0.27842785886922483,0.0
1.0870460647121014,-1.5073531886603375,1.0
-0.06236033360902287,-2.3193162173770445,1.0
1.231909454113139,-0.21230788156952715,1.0
-0.3945364770051827,1.6882132108604202,0.0
-2.2987914840565615,-1.6066197307051968,1.0
-0.08030101482553355,1.8427056443746892,0.0
2.1913681832957614,1.3688909929197643,1.0
-1.891503540408468,1.51921229754378,0.0
-0.29469558709986465,1.2406373905158907,0.0
0.8487780945022644,-2.0828969700260602,1.0
-1.6034510257839636,-1.8177374923722611,1.0
-1.5581117284930064,1.7691965937647622,0.0
2.3597328366021153,2.447301868325896,0.0
1.4989689453737232,-0.31630008948078525,1.0
1.9777496871876634,2.5106988352607247,0.0
-0.39925611532955535,-1.4437239434057192,1.0
-0.1713130624388036,2.150466642775092,0.0
1.3793611226581572,-0.9909659629249338,1.0
1.9636307367509005,0.9149123917741526,1.0
0.8166411545647413,-0.1487349375088677,1.0
-0.4462876900441367,1.943670459995706,0.0
-0.31076939294439115,1.042279415940297,0.0
-2.070934175728627,-1.4919819763888982,0.0
2.3231011917442004,2.3656444592037364,0.0
-0.09659193487548312,1.3671174026541004,0.0
-0.7644621694135809,0.3109998177613488,0.0
-2.134247808098746,1.4257292403437472,0.0
-0.731502862860286,-0.13862021922233186,0.0
2.027478039462064,1.840014934726686,0.0
0.7747214683701549,1.7516271352298376,0.0
1.9870781933389625,2.270397623995052,0.0
-0.4098835440353824,0.4604517466950157,0.0
-1.0277419324168064,-1.682336319617726,1.0
1.2017558696012274,-0.6846405354321752,1.0
-1.133149599973525,2.389091622781343,0.0
1.4259628455965787,0.8727887784984514,0.0
0.24750463975060225,-1.7648961338638345,1.0
0.607154403364169,-1.4729253409433605,1.0
-0.6265314741389757,-1.4211249643867978,1.0
0.8130348296098524,-1.1733301863624515,1.0
-0.23594755105355,-1.119520140189469,1.0
-1.2753711133195151,-2.3142634703648977,1.0
1.3830741952943941,2.153839309886503,0.0
-2.2027005791387895,0.5041331781782638,0.0
-0.27493977974995965,-1.5203867888045377,1.0
-1.0878111466564706,1.3742120396550854,0.0
2.0249211330797245,-2.0875449633457626,1.0
0.02642572573887783,-0.45027244285443635,1.0
1.8394277263484249,1.8817859011162534,0.0
1.272878521201509,-0.7403600742201734,1.0
1.5335411917963102,-0.36319609688156707,1.0
0.12724734897838252,1.2072539539117704,0.0
1.424436902307981,-1.27803058974733,1.0
-1.888954240584992,0.838113896385695,0.0
0.4262270985546811,2.3098794565246363,0.0
-0.8002440520731582,1.2904913745740094,0.0
-0.6029263857206026,2.2761980080570083,0.0
-0.17928212924399786,0.7829663736123869,0.0
2.116210688688592,0.8215468053693623,1.0
0.4881640530733622,-1.7264872726543135,1.0
-2.3658932279575975,0.958728363281528,0.0
-0.8115446823978683,-0.26649769323606437,1.0
-2.092714914730358,-2.063574800281696,1.0
1.4554557479910033,-1.6188374769316816,1.0
-0.6266281844677701,0.8827338826558304,0.0
-0.357947211170519,-1.039256138426122,1.0
2.3069471265858263,0.8556959492083618,1.0
-2.118741347404951,-2.4886688905075616,1.0
-1.580951212722233,1.9837550487713602,0.0
0.906139892632144,-0.25392214781574163,1.0
2.398648037198663,-0.35411413487565113,1.0
0.45796573283962627,-1.9420351482669214,1.0
-0.776255489520646,-0.007487005403959003,0.0
1.1296131008084969,1.032481096002384,0.0
2.178362007544702,0.8841700820744864,1.0
-1.1979701550153332,0.7354281810479646,0.0
-1.985386133305007,0.8441818204970034,0.0
-1.383328814135623,2.0121041006074223,0.0
-0.9404679334389259,2.309435931635315,0.0
-0.23840164417287935,1.7780903773075691,0.0
2.176687970182011,1.0782363288033772,1.0
1.1637079739294836,-1.1435964203878268,1.0
1.6758927692563126,0.7068856413409927,1.0
-0.5400483395465037,-1.0329448497841145,1.0
-0.42148179714453604,-0.23397793726150937,0.0
-1.2398727551261344,1.7246917419153027,0.0
0.09438217417097951,1.8046187324562561,0.0
1.5392050549826974,-2.054199609782068,1.0
-1.8355054834121458,2.491303623358299,0.0
-1.777229748098862,-1.0381210938150787,0.0
-2.2561493876663374,0.45167764825712764,0.0
2.201928638669635,-2.2995538478982254,1.0
1.7654520790323955,0.0007412150609812235,1.0
1.815958029968706,0.35339069094461706,1.0
0.6151535111084714,2.221463984008292,0.0
-1.2527373407462616,-0.0676689767179589,1.0
-1.0680473639901618,0.808068434238809,0.0
0.38946821788403285,1.0348168365985104,0.0
-1.416622243805483,-0.4474598396483034,1.0
1.4981370123470215,1.104309037477591,0.0
1.4243954600481141,0.7550775790470229,0.0
1.3131174532859322,-1.0171655537083082,1.0
1.5283871446020378,1.971842565773681,0.0
-2.1247431679782864,-1.0077285206697806,0.0
0.8906920452211405,-1.3399782559486482,1.0
2.416633335704494,0.9657214963084851,1.0
2.5623571233166307,-2.0395397542665297,1.0
0.6978168934415448,-1.9527140078041971,1.0
1.550344437237855,-1.4463028564852047,1.0
0.6856014110748474,1.253984512191793,0.0
1.846797941989775,0.9693400458112265,1.0
-0.058891251629836494,0.7099768836233559,0.0
-1.1078833645643802,-0.6022103500992735,1.0
-2.5049855330629778,-0.6368846210652906,0.0
2.1949714932548803,1.765677779443585,0.0
-0.6658146971887299,1.561469015849074,0.0
2.236114144024269,-2.0897068609606873,1.0
1.408859196329362,1.3208954509399506,0.0
-1.297472608599932,0.27346799131208005,0.0
-0.35348146966106947,0.9788737012822613,0.0
-1.7780268440129583,0.0981331447955064,0.0
-2.2259546263377055,-2.347203469847524,1.0
0.6162762717516421,0.9716005359348794,0.0
-2.2053251431945577,0.4432383642990536,0.0
0.19655170194281568,0.8754377948936741,1.0
-1.155669473896893,-0.25704832204782574,1.0
-0.38337343067195917,0.7245593063645128,0.0
-0.1701885490831483,0.9411872600916246,0.0
1.937339809843904,1.517739756900921,0.0
0.9478381929013553,-0.15440287444676004,1.0
-1.5322875709165533,1.7864075955034757,0.0
0.20487805214857616,1.255236374622528,0.0
-0.6572106782568882,1.4375187613977636,0.0
1.3099806734697208,2.296234500250162,0.0
0.17071183592822017,-0.6564529286229649,1.0
1.3056989568410868,-1.9416900705738824,1.0
-0.8544552943155529,0.7861150555523061,0.0
1.4798101129889296,1.7045539897667432,0.0
-0.40744462731188325,-0.6764323258933209,1.0
-1.2131390132633249,-1.903942072422676,1.0
0.8404517136020743,-2.2333384879386675,1.0
2.030711149080486,-1.4458631780187647,1.0
0.9524071787877143,-1.3025311961479522,1.0
1.0866788503608227,0.3249090106218211,0.0
1.797153239145009,1.2007363417374437,1.0
2.0380561692468584,-1.6282755252517223,1.0
-0.376427691870497,-0.4112443695491381,0.0
-0.1236567255336674,2.154172607449409,0.0
-1.4127267896565288,0.17351743794302493,0.0
0.9609656173256735,1.1474927685290113,0.0
-1.4971738090893862,-0.744400144450562,0.0
-1.038535272215349,0.9162048407395148,0.0
-1.028548307836346,-1.9133076461999927,1.0
-1.1787819681571108,2.4752065131479237,0.0
1.202920100028444,-0.0642019703016819,0.0
-1.3683463321843041,-0.9715601602636514,1.0
0.19164306262789077,-1.0907813487346751,1.0
0.21354146251189773,0.8121482954536636,1.0
-0.3330145213404083,-0.6683133238606238,0.0
-0.10760895198766027,-1.9640182477143848,1.0
-2.2118160616295963,-2.488242528886654,1.0
-1.679876853530369,0.5350051783486311,0.0
-1.2718260661205878,-2.156331045308197,1.0
-0.5692054784421737,-0.44156417134040943,0.0
1.826427336724412,1.2455222513736026,1.0
0.5895492011937623,-0.3130491032029784,1.0
2.2128559167574795,0.6276743062184291,1.0
-0.753200740011583,1.6896136312852954,0.0
-1.978879116080125,-1.6095571466419614,1.0
2.071239980569463,-1.7274101470978942,1.0
-2.491137872635714,1.272838296365729,0.0
1.8900802437873232,1.571789684071291,0.0
-1.1088768456626212,-1.036133318698575,1.0
-0.06567733625654754,-0.3137391444043467,1.0
1.268207239304843,-1.611747418374553,1.0
1.7288892915957421,-1.378102420565846,1.0
-1.861621967811492,-0.46039995252619453,0.0
2.150485765425855,-1.4324999799025855,1.0
0.8239057358772792,-0.0985103065501108,1.0
-2.1762736542450547,0.07984124703343762,0.0
0.3324528555638861,1.1080851586141756,0.0
-0.18601174774427942,-1.7369322699568381,1.0
-1.1205803803948324,1.8833343175210653,0.0
0.06467488291417822,0.12048970150043602,1.0
1.4508570159262268,-0.0504560565411043,1.0
1.8637058478872899,-0.9069557946353164,1.0
-0.7579091278655984,0.9036861727199439,0.0
0.7940552141809316,-0.19061709301537516,1.0
-2.3310342445103056,-1.3330512661414657,0.0
-1.3002032431182378,-0.2118497332939353,1.0
1.4622921561195363,1.4236092919159986,0.0
-1.602906513398331,0.5827777975792294,0.0
1.7956884149488685,0.16445634054429864,1.0
0.47199862262332315,0.6404549355336575,0.0
1.1659005874568766,0.6763476495528327,0.0
-1.5126839203263767,0.9017295178227371,0.0
1.0237436766012518,0.2445635705142425,0.0
-1.795469310236994,-2.082083767554473,1.0
-0.6289204541700149,-0.5118670428388102,0.0
-0.5394210234349632,-0.6436127568886235,0.0
-0.9609862452108322,0.5662218004439591,0.0
-1.2854523396387403,2.060447439124839,0.0
1.5553532380613442,1.4060451997788803,0.0
1.511160618490072,1.6586847002201348,0.0
-1.9181769887411313,0.6575768163142279,0.0
0.24629852956292303,-1.5087992362963032,1.0
-2.373315499408969,2.130316236757037,0.0
2.324035592246262,-2.0926828556987704,1.0
-0.8297342523270987,1.3943786535178784,0.0
2.402087119593198,-0.4140208124192468,1.0
1.858602125250481,-1.080233924273796,1.0
-0.8081983602097558,-1.190847283851016,1.0
-1.2567995983992308,-0.26952197067320105,1.0
0.7683925989490067,0.9558470158542659,0.0
0.6307741512068434,-0.6622614311543396,1.0
-1.3038930116102814,-0.7211563304935982,1.0
1.3713653038370088,-1.6905448372369436,1.0
-0.6731900317067587,-1.1075489889412133,1.0
1.3255968267202398,1.2299344465387019,0.0
-0.9457863652426999,1.5845865705491087,0.0
-0.03259456279636741,-0.05699000843740197,0.0
-0.6258471301375788,-0.32529933716545395,0.0
-0.4452844789474395,-1.1344712940303414,1.0
0.5368026063115097,2.281776204320995,0.0
-2.534030908113372,0.04770051687919548,0.0
2.03843426554294,0.9459388480845344,1.0
-1.2556916459459697,-0.6819235154767541,1.0
-0.2825314479742772,0.45415173898695854,0.0
1.176881165888081,2.0090693172120186,0.0
-1.312535409052572,1.254098312185747,0.0
0.8659666710128273,0.4323345721888114,0.0
2.2796250630147714,0.5451816732010182,1.0
1.9308622633074037,0.4672510931107996,1.0
-0.4818127780710276,0.1378395668286241,0.0
-1.3654170202127343,1.944222030365673,0.0
2.4488933999023494,-2.1267387992293334,1.0
2.417689090600666,-1.93761309667276,1.0
-2.1439082426713467,-2.2989182561339194,1.0
-0.22512596036995272,-2.248339130236181,1.0
0.6398374246361495,1.1981366203208552,0.0
1.6129574083637657,-2.3968637768032477,1.0
1.436364580863687,1.2555759191137932,0.0
1.2121015144877487,-1.2537837912317888,1.0
-2.1026287300570976,-0.3366808036463113,0.0
0.8184718431443939,0.8640455242375804,0.0
-2.0000017664535767,1.2388938351834808,0.0
0.16127727557943666,-2.0791564218322645,1.0
-2.1647685681961444,-0.16786404868368748,0.0
-2.055895515635316,0.5993434920827932,0.0
2.4658873805027697,2.175080080042809,0.0
2.2078885943309876,0.47422810123021114,1.0
1.0242964665338306,-2.04860723056262,1.0
-1.4530748489291863,-1.5071071694015583,1.0
-0.8204568369314127,-2.4231294032922577,1.0
-1.55904405091952,-2.055243581455437,1.0
-0.905829926049944,-2.0161133862976506,1.0
1.4777079547905154,0.8243318235127761,0.0
1.8545160596434038,0.3916026298048564,1.0
-1.0210278044468393,-1.5168912325888664,1.0
1.0317349876234019,-1.4630606620679412,1.0
1.7492596637186637,0.009492699599881804,1.0
-1.3319844766823554,-0.3338239085409931,1.0
2.210539615375134,1.378077988351116,1.0
2.0432109526893023,0.5189680769632212,1.0
-1.0533542155959987,-0.9416883017580406,1.0
-0.5211053095023006,1.111259299137185,0.0
-0.8555480686403343,-2.1660164345441864,1.0
2.2851199382806846,-0.3439483779650787,1.0
1.9895117834158853,1.1849675775796067,1.0
-1.068652898849821,0.16309813421088382,0.0
-1.2864896170437115,-0.47745205630225246,1.0
0.4104791450999638,0.6597309677705143,1.0
-1.50347360374607,1.3115211160535687,0.0
0.38670781160663636,-1.3863956990694681,1.0
1.8722967966830197,-1.7353347607125742,1.0
-0.7426238497139599,-0.04556459093977626,0.0
1.5788352354590136,-1.777305901178337,1.0
2.0773855361977356,1.806685848496358,0.0
-2.1723662476960612,-0.4209166664568192,0.0
1.9203772119496532,-1.1566451260955835,1.0
2.297703071218817,0.3606417329024548,1.0
0.796674923512322,-2.4520672433535884,1.0
0.04361649496409947,0.0001314979494882046,1.0
-1.8799750814772258,-2.2030377385481548,1.0
1.14851143665139,0.7731667980360158,0.0
-0.8009915737311382,1.3009683174004447,0.0
1.7090906847534824,-1.829942737958482,1.0
2.5592936760805465,1.2021096578789863,0.0
-1.380938526633956,1.460735059109057,0.0
-0.610498105911489,0.7722940355714939,0.0
0.05666353033702662,-1.1594136142262728,1.0
0.5572378755010686,0.8273490499890668,1.0
0.004801573569732168,0.6125436588185195,0.0
-1.8194771385166302,-1.4918674875606306,1.0
-2.036719203156213,0.3375614747092871,0.0
2.160914083217995,1.4500139449412677,0.0
2.2052008789681916,-1.6740770128996083,1.0
-1.698582231815258,1.8342548123094369,0.0
2.4541850775909846,-2.1283590611841228,1.0
-0.9995871474029339,-1.387924440484208,1.0
-2.08858628591253,0.07092831967747071,0.0
-1.0484486644574595,-2.3969638306246797,1.0
2.3506877368362558,0.8564852287477658,1.0
-0.1050573494011563,1.4138356658541766,0.0
1.6883465476436554,0.5538922307520587,1.0
-2.4508533571269187,-0.05006436574156275,0.0
1.6716760399715251,2.4019816317787077,0.0
-1.8114124836184613,2.3576549928243664,0.0
0.22430495388380423,0.06409220370645592,1.0
-0.9505057754790072,-0.37506675149499286,1.0
0.891363281133905,-0.2073826071669419,1.0
-2.316229176357964,1.109200518423102,0.0
0.5064937432198847,-0.9073735883182357,1.0
-2.33088124886728,0.03366054135623751,0.0
1.0119454650826936,-2.1512805769453607,1.0
-0.6068180235499422,-1.9708001342982995,1.0
0.4320810235413175,-0.24544413195403525,1.0
-1.1203321994067463,1.6340524847479445,0.0
0.7313457120563975,-1.883298556018414,1.0
2.5053830462205804,1.7385845314624242,0.0
-2.431056787648558,-1.477326033472422,1.0
-0.051630102479819674,1.5366800526780375,0.0
1.080748720192081,-1.7613156606880283,1.0
0.11680716332103253,-1.9222659665285113,1.0
2.5092727953893466,-1.254812998815432,1.0
-1.4874254905727942,2.2729088385942187,0.0
-2.239105716769653,-0.12635584051385115,0.0
1.4358768769294004,-0.0597394821374093,1.0
1.3322085258173162,2.162275525112463,0.0
2.2014636043636244,0.24519193804645567,1.0
1.4175366010234998,0.7359375279257934,0.0
-0.7308389114188097,-0.8409165843726149,0.0
-2.0798023104249026,-1.5905989420639706,0.0
2.1547010901367587,1.4572113954222627,1.0
-1.3555663017140904,0.3871790486128841,0.0
-1.015518561323502,-2.2403707079942885,1.0
-1.0223343546059023,-1.0210538370067441,1.0
2.15302267704078,0.445454675943188,1.0
0.7189924407701205,2.3299271051522807,0.0
1.4673317709313063,0.3615633471021515,1.0
2.2017535166922624,-0.4860318782758913,1.0
-1.2161187687557735,1.808964165768542,0.0
0.48305306067765974,2.148166951777534,0.0
-2.047577670145729,1.6481974371458874,0.0
1.5332809643301273,0.987629144822366,0.0
-2.2401320638504583,-1.2784036502019405,0.0
-0.012426674962884006,-1.4869079517874118,1.0
0.7785876117267415,1.7434494015849185,0.0
-2.1606354601239723,1.9535333232675132,0.0
1.3012949501400615,2.279535971618617,0.0
-2.2195606524550375,-0.0015948381372485748,0.0
0.5562689483227655,-1.1016402644857148,1.0
2.0123325682351147,-1.3403636124766973,1.0
-0.8019994027350726,-0.7541924465520502,1.0
-1.3194500462504433,-0.9270327989638872,1.0
1.1343979109697306,-1.5418050875273672,1.0
-2.22736530863068,1.7956989406017523,0.0
-2.485087828778221,1.5984990714889828,0.0
-1.6504564792819374,0.13106821867951757,0.0
0.7609553706885809,-0.11415535290816195,1.0
-0.594115247677508,-1.6914809715861912,1.0
-0.8628845044151057,-1.4576245394836798,1.0
-1.0168238541611514,1.140771407290451,0.0
-1.041254928079676,-0.5932189367129007,1.0
0.2887282974792691,1.5378743544644515,0.0
1.4113488932738532,-0.2905194642528187,1.0
-0.0078018340968291355,-1.068027859879348,1.0
0.06204618347996512,1.5232356620568135,0.0
-0.7198824859845993,-1.9114574403564841,1.0
-2.0131900204281368,1.4964307631014078,0.0
0.4678902849653961,-0.73683019040089,1.0
2.230001638324616,0.9602011471201448,1.0
1.0969078742590943,1.2664334981349339,0.0
-1.5301688291228768,1.6115123709330255,0.0
1.0370454329445649,-0.8454565961558822,1.0
1.657577582022559,2.367805192450833,0.0
-0.006658491281838416,1.8945632051688326,0.0
1.9931338734226052,-0.6714342406887522,1.0
-1.6875331785869325,-1.082597494579963,1.0
1.9552031567567651,2.2758353504329896,0.0
-2.35294250507455,2.1612257182584678,0.0
0.46966404715801185,-0.5729865944400845,1.0
1.666479100483037,0.9596244964584323,1.0
-0.6575051362104489,1.4340205205327912,0.0
-0.7112604625055223,1.8058949054658682,0.0
1.635770813713787,0.8568195414360102,0.0
0.38796187580889174,-0.7235222116804314,1.0
-1.9332795468281654,-0.7632674505447509,0.0
0.5271001865639655,0.5754804124909544,1.0
-1.6423409491665988,1.2273969864555543,0.0
-2.2499761610766447,-0.5132408406288049,0.0
-0.18046244076897897,-1.1971577304555228,1.0
-0.6175631238555983,-1.5631597235492491,1.0
-1.6494984243395834,-0.27110052722455824,0.0
-2.3051446665593662,1.6442991921117085,0.0
-0.31860353090717525,-0.6352066998086872,0.0
0.751620695026569,-0.863703014061437,1.0
-0.6261209670759128,0.8773021213635381,0.0
-0.04339640833421593,-0.2810299234011509,0.0
-2.0061646661792714,0.813966491491984,0.0
0.8038506373614849,0.9313443686824034,0.0
0.4130174809242732,-1.2227676051359302,1.0
-2.1963767781893613,-1.319675721772427,0.0
-1.3871190638395399,-0.30346089799551657,1.0
-1.4991990606782224,1.4010541233685392,0.0
0.5554126474088804,2.4414353869288297,0.0
1.9730600266133682,0.4716479207838511,1.0
-0.5466429443030496,2.499523518623161,0.0
2.170929776955192,-2.2967207147483806,1.0
0.28440922143582076,2.499511215264796,0.0
1.2862165697544654,0.5365599165231751,0.0
-2.298265079121138,-1.3146157965699783,1.0
1.7206017370153825,0.13474571394857104,1.0
0.49737012459582614,0.6830952750535045,1.0
1.2313642074651407,2.1318254821359255,0.0
0.9286575059649168,-2.2897866563701292,1.0
0.45872644533951207,1.4492966370320648,0.0
-0.8030750274135001,1.952674037100373,0.0
-0.04782288465227846,2.474936756105183,0.0
2.3879008160640023,-1.5784274112077858,1.0
2.0719400037507167,-1.3478378456516336,1.0
-0.8911763379479394,2.3405852496503643,0.0
-1.0439676103189908,-2.2792600281925552,1.0
-1.6832047773140788,-1.7190669173405613,1.0
1.5800936854341374,1.7503283425717164,0.0
1.8617948186157125,0.019312946928054506,1.0
-0.7235235989291989,0.255985657770193,0.0
-1.4911884241830495,-1.141911541967928,1.0
-0.24348843319446895,1.5048124823614688,0.0
-0.9922117760582141,-0.7717940919050131,1.0
-0.07200767393935205,1.4939064832507878,0.0
-1.1817522791518866,1.3633383452509376,0.0
2.033570698867084,0.36962388822798964,1.0
-1.9207207753776192,-2.181701950500525,1.0
-0.11807907131388388,0.9464791422871809,0.0
2.068827602785877,-1.0883084713520503,1.0
-0.9871170565578495,-2.334281324009965,1.0
2.022156712062656,-1.734481940626954,1.0
0.9500311037248196,2.452903875593078,0.0
2.0439943598940187,2.380707640889228,0.0
-0.041563018956353434,1.0664302585619123,0.0
-1.2229406576971964,-1.8418998434282345,1.0
0.9633054687369131,1.5904459491518845,0.0
-0.16258328416865495,-0.5789979683482452,1.0
-0.48645982821729,1.9622587803414338,0.0
-2.5297267961335126,-0.7554045436408864,1.0
-0.45398471193172285,-1.4008084054540881,1.0
1.5178799895913682,-0.2736088783671128,1.0
1.3455817014692093,1.3587020767901201,0.0
-0.3468769331761573,2.4127500761286775,0.0
1.7497551424151887,0.6587507709471423,1.0
-1.921012243748701,-0.791935534530344,0.0
0.37400642441048315,-1.3264352192463176,1.0
-0.2569653770177923,1.143862915019585,0.0
-0.6556565860832602,-2.1552899812928428,1.0
1.7098173182324834,-1.2221218916873402,1.0
-1.0879072169634347,-0.2725012778179474,1.0
1.8391749738805643,1.4388960749764752,1.0
0.4549864774583229,0.8526238905606354,0.0
-0.31775148533796244,-0.6131582591304034,0.0
-0.9747425354475696,1.7123664361741855,0.0
-0.6525706932255746,0.2136423992417275,0.0
0.3104607415664163,-0.568501248424723,1.0
0.7774719361067465,-0.6715910282918052,1.0
-0.5042037035013928,-2.2740299987591803,1.0
-2.5478989021915894,0.007489919673669257,0.0
2.225036196613745,0.5952402353644061,1.0
1.6578647693667858,2.0895219297419536,0.0
-2.558585878388737,2.2645467573069586,0.0
-0.1644296292541704,-1.283397690129371,1.0
2.0537069454828583,1.452513763372517,1.0
0.35591052713417015,-2.2841432796368815,1.0
2.088020207872484,-1.68563076324505,1.0
-0.28652263195995725,-0.31461255164990964,0.0
-0.30693690404926577,-0.21765133954338978,0.0
-0.5091845762453201,0.8116523278508652,0.0
-1.7499227254122407,-0.8029264974402635,0.0
-1.1144578061570942,-0.1449941645301832,1.0
-1.3613518661035435,0.04613233331510061,0.0
-1.9439151813707454,-0.9760483978331301,0.0
0.2875362637222997,-1.827654332043811,1.0
-2.1559206677281693,-1.0763163560157727,0.0
0.20034947609161408,0.8881466932516744,0.0
0.8864897634205733,-2.552732412017485,1.0
-2.420054460561174,0.08009002640783022,0.0
1.032287790920911,0.16623184768979646,0.0
2.317432165763999,-0.5216462532960218,1.0
-0.9858400152663132,-0.06483195552643126,1.0
-1.3956615871235494,-0.8103355017955021,1.0
-2.171103190439586,-0.9172406310755216,0.0
0.7281110822588367,-1.338387519080833,1.0
1.47600511899455,-2.5775305942935414,1.0
0.6952811813460993,-0.10349324683287896,1.0
0.6145854144920235,1.658844620915295,0.0
0.2549694292733409,1.4075530732573012,0.0
-1.804566002668063,-0.5966131706141996,0.0
1.256339964825278,-0.887221544798393,1.0
0.18084746123988993,1.308945164991045,0.0
-2.588334736009355,-1.2680742548822126,1.0
1.3075705804293334,0.01636561643699791,0.0
-2.1621550027851324,-1.9661508092294657,1.0
0.10284338222748508,0.29845066466143233,0.0
1.4317116946015565,2.1107498819255373,0.0
-2.3242368230628134,-1.0552943191015929,0.0
-1.1183479955037408,2.2728071849992295,0.0
0.44619815195587,1.1648787787600237,0.0
-1.4655962117622,-1.6137247708530782,1.0
0.7236110534062188,0.061993998242405375,1.0
-2.327582930985029,1.7915103380910518,0.0
-0.5634749536311658,1.5857812505688065,0.0
-0.28285501414854003,-1.2292052901244286,1.0
0.5197853542376308,0.8649550038763315,0.0
1.5437255323036516,0.956444708161776,0.0
2.3168973965977075,-2.1554471039109337,1.0
1.6378317444751713,-0.5476367093858441,1.0
-0.5298627894689585,-0.6304007121592,0.0
-1.5454976265327716,1.1034755216096506,0.0
0.9190282639889708,1.195073776085837,0.0
1.6009174860598148,-0.4070495202191773,1.0
2.139981807655998,0.6098993471655559,1.0
-1.8295585182927128,0.08963059007920021,0.0
2.006375482743062,-0.44817982572845666,1.0
0.6382417297375291,0.013783858407726432,1.0
0.003769559609507464,1.226349554561009,0.0
1.4586595024592581,2.3817428840746695,0.0
-1.7621820625195392,0.452395173790974,0.0
2.454451641804095,-0.021168425737174944,1.0
0.26912203842679633,-2.218731097235088,1.0
0.9779832283002088,-2.148722521133055,1.0
-0.7712232096962709,-0.8877556191480876,1.0
1.557687535880394,0.02181307205072515,1.0
0.49604608983709136,2.1509594184307823,0.0
0.5529726599569841,-2.224947154616316,1.0
1.0108146595330822,1.5381645984487227,0.0
-1.2970696549583889,-0.6142251899435851,1.0
-0.37315348740781723,1.0252356824388815,0.0
-1.4363696281739555,-1.6516338006297409,1.0
-2.1313358104590483,-1.2847501737606204,0.0
1.3485453384531123,1.182059335642401,0.0
0.45742896089763024,1.8063126020150055,0.0
-1.553264577999444,0.9222907384881446,0.0
1.3690432828577543,1.3498656642519773,0.0
2.2733778241559186,0.21936060708348243,1.0
0.07080947881105826,-1.712796513931078,1.0
0.8639573722235053,-1.6953445211816573,1.0
-2.435220907500403,-1.206769238820752,0.0
-0.1115109861021849,-0.0702238376672195,0.0
0.3254214490809181,-1.3627063130493184,1.0
-2.243856601257314,2.309986523106844,0.0
0.2045652689162917,0.45707750144137865,1.0
-0.733585704913158,-0.3626580401612456,1.0
-0.6469777018654118,2.3336264436122445,0.0
1.4396600519999472,0.09269822415209852,1.0
1.6122268221277594,-1.9300758992342917,1.0
1.2823688387977508,1.6870539294425977,0.0
-1.082037254050482,-1.6413296766077508,1.0
-0.042199588250430464,-2.467832791578079,1.0
0.31619598169206575,-2.283867270250758,1.0
-0.24563546458345614,-1.4490752793790251,1.0
1.0429491640863844,-0.1492620445978815,0.0
-0.11457182078627551,-0.21358389484736123,1.0
-1.3858474102924345,-2.3999653586453475,1.0
1.6224375095262649,0.27538244975950144,1.0
-0.641899187683901,-0.8039875655880315,1.0
-0.7223058732133052,-0.58733695504569,1.0
-0.154802361027622,-2.368962349756841,1.0
2.1482133485160575,1.9006949603455283,0.0
0.05252417522417337,-1.470524745780911,1.0
0.7216921050315906,-2.4367993623113096,1.0
-0.2778636986831281,1.7008553305763217,0.0
-1.4082136812469048,-1.2677110485905119,1.0
0.48496252496135145,-0.2265080891332682,1.0
-0.14052612482217036,-1.3239995417719617,1.0
2.0876160309237703,2.471144589514704,0.0
1.154926793650603,2.2069321360162024,0.0
0.11182569289500836,-0.9153965073750829,1.0
-1.4711092605918545,2.2436560595624,0.0
0.7966724776310541,-1.285389013950695,1.0
-2.465066634338326,2.511791951294534,0.0
0.8817977506580139,2.028124854942177,0.0
-0.3921210923234697,0.1290375123551334,0.0
-0.23961233277692437,-1.229918419523303,1.0
1.9122115913605484,-0.7172350985881597,1.0
0.9798750556675485,-1.465737568584159,1.0
-2.32678266274729,-0.9794873764750197,0.0
0.021999567394559064,1.1838380749025992,0.0
-0.5576666815695249,1.6746150955718275,0.0
0.04298872008706167,-1.0633153720668775,1.0
-0.2299413456436259,-0.612724592750774,0.0
-0.6647505327495375,1.573010877921692,0.0
-0.3578982903204983,-0.7503637003650109,0.0
-1.494155328447693,0.9934644888015532,0.0
2.3839150048845665,-0.7512220630233704,1.0
0.6713836277902286,-1.4613168321189833,1.0
1.5723778890815472,-1.8031764410621711,1.0
0.44384305936111923,-1.075622654463796,1.0
0.17695317701393506,1.3606636009243958,0.0
-1.3639711326362505,1.9758225284365145,0.0
-1.37956915322255,0.7465527419175413,0.0
-0.9525834641965213,-0.3411286247527965,1.0
1.1345582309012405,-2.0477656915123683,1.0
0.7044939963702118,-0.6022803590348405,1.0
-2.3445277227345716,-0.5124189253960932,0.0
-2.027961276736916,0.2561642316483019,0.0
1.7533582527246914,0.5223119722792402,1.0
1.3177261174168897,-1.4595000503370008,1.0
1.9240139180719622,-1.195282807274182,1.0
0.635851305451302,1.9051787895566916,0.0
1.6551921279807322,0.28990646509042534,1.0
-2.305057188537754,2.3101544129256313,0.0
0.5081336701014632,1.7296514494709319,0.0
1.5416964967034688,0.791252583247271,1.0
-1.7951868259139994,0.2397126698046036,0.0
0.11545264810544048,1.3789798316100363,0.0
1.9565291199526444,1.0389874841431794,1.0
1.0306695558372987,1.3600330517095796,0.0
-2.018438288690917,2.17853985032353,0.0
-1.9938042450820639,0.13237940720711003,0.0
-0.19749060330455637,0.3451757595855902,0.0
1.6244918569176359,-2.005163592810522,1.0
-1.4858773252999027,-2.4268886707162762,1.0
2.116014552806205,-0.09970626163250704,1.0
2.144412876434943,-0.5869459987943768,1.0
-0.2540099561423916,1.6074895143403285,0.0
1.399542264474008,-2.4309916150140025,1.0
0.07518602947140937,0.3409384818465834,0.0
-1.6179080218232929,2.3102368019297534,0.0
-1.4515218065639799,-1.7804583127949694,1.0
1.551943631728708,-2.0053708934488514,1.0
-1.6661215958032944,1.581073935133758,0.0
-2.4391989198596877,1.9046428451395585,0.0
